    {
    
    "作者":"荷城茶秀",
    
    "站名":"万达影视",
    
    "主页url":"https://web.w1988.cc/",
    
    "简介":"【荷城茶秀】提醒您请勿相信影片中的广告，以免上当受骗！欢迎加入QQ交流群：869277279，公众号：日后魔改，获取更多影视资源。+<p&&</p>",
    
    "导演":"日后魔改",
    
    "主演":"各大网友／白嫖大王／想念式.悲傷",
    
    "影片类型":"未知",
    
    "影片地区":"未知",
    
    "影片年代":"无年份",
    
    //"二次截取":"<ul class=\"list\"&&</ul>",
    
    //"数组":"<a&&</a>[不包含:Clicky]",
    
    //"图片":"url(&&)",
    
    //"标题":"text-one-line\">&&",
    
    //"链接":"href=\"&&\"",
    
    //"副标题":"play-icon\">&&</span>",
    
    "搜索模式":"1",
    
    "搜索url":"/index.php/vod/search/wd/{wd}.html",
    
    //"搜索数组":"content\">&&</a>",
    
    //"搜索标题":"text-one-line\">&&</div>",
    
    //"搜索图片":"url(&&)",
    
    "线路数组":"module-tab-item tab-item&&</div>",
    
    "线路标题":"🌸荷城茶秀接口🌸+<span>&&</small>[替换:kuaiyun>>快云#</span><small>>>共]+集",
    
    "分类url":"https://web.w1988.cc/index.php/vod/type/id/{cateId}.html;;ak",
    
    "分类":"电影$1#电视剧$2#综艺$3#动漫$4"}